SKU,Amazon Link
4589546892240,Not Found
4589546892257,Not Found
4589546890772,Not Found
4589546890789,Not Found
4589546896033,Bad Link
4589546896040,Not Found
4589546895715,Not Found
4589546895722,Not Found
4589546895739,Not Found
4589546895746,Not Found
4589546896019,Not Found
4589546896026,Not Found
4589546896057,Not Found
4589546896064,Not Found
4589546893391,Not Found
4589546893407,Not Found
4589546893438,Not Found
4589546893445,Not Found
4589546891076,https://www.amazon.com/Vicrea-Mixim-Potion-Repair-Shampoo/dp/B07GP5156M/ref=sr_1_1?dib=eyJ2IjoiMSJ9.mI0QJ4MidhZAsWsfnoDMeA.zSD2iCxcgNaHUOwRxXixYBIm6Hs2WXkw04y9aHsScc4&dib_tag=se&keywords=4589546891076&qid=1730063618&sr=8-1
4589546891083,Not Found
4589546891113,Bad Link
4589546891120,Not Found
4589546892523,Not Found
4589546892530,Not Found
4589546892578,Not Found
070922104773,https://www.amazon.com/Enoz-493-6-Moth-Cake/dp/B000BPRFRA/ref=sr_1_1?dib=eyJ2IjoiMSJ9.Kme8hhi5xrI2-jKCy7vUtA.jRx3LNd93rhXfrQP5KbVd35XMEufoGkbBoW6bvHbPuw&dib_tag=se&keywords=070922104773&qid=1730063645&sr=8-1
070922101666,https://www.amazon.com/Enoz-Moth-Ball-Packets-Scented/dp/B00012FFCU/ref=sr_1_1?dib=eyJ2IjoiMSJ9.G5_N-jdXTNJfa25jjjZW7A.xrQE-SxUowoiDZWBNuM4Dfxq37bmB_-W2kczkTC3hiw&dib_tag=se&keywords=070922101666&qid=1730063648&sr=8-1
070922002192,https://www.amazon.com/Enoz-Moth-Ball-Packets-Lavender/dp/B000QRCFB4/ref=mp_s_a_1_1?dib=eyJ2IjoiMSJ9.VNLNJsGs6MtpNUlFzqmaww.4l_v180BbFZzp9uayVmB3hpht3inIzc9eqGMJaIui4E&dib_tag=se&keywords=070922002192&qid=1730063652&sr=8-1
4987234131013,https://www.amazon.com/SEVEN-EIGHT-CREAMY-COLOR-NATURAL-Paon/dp/B07H1SY6WZ/ref=sr_1_1?dib=eyJ2IjoiMSJ9.dncoGiDhH7NwJoJ0uB6xri1oxXwcN8Z3orGUtZu7AVI.VeUFjZ5Or391F-DOCb64DZ2p5GxPAkiv_Lwm_aSjfFk&dib_tag=se&keywords=4987234131013&qid=1730063655&sr=8-1
4987234131112,https://www.amazon.com/PAON-Hair-Cream-Refill-Brown/dp/B003BQOZAQ/ref=sr_1_1?dib=eyJ2IjoiMSJ9.p4WXT7vet73o9QRNeslZqQ.ULMpTtf5u3grwJj4xJa_lTSHBOmN4hG9m-cWf9B0-bk&dib_tag=se&keywords=4987234131112&qid=1730063666&sr=8-1
4987234131211,https://www.amazon.com/PAON-Hair-Cream-Refill-Brown/dp/B003BQFQ68/ref=sr_1_1?dib=eyJ2IjoiMSJ9.ur_iL9ycQfMWxmRfxfp13w.dl8XHd7qZ6cBS3gyhzimew5q7KL51QnthSBCF-Lm8bM&dib_tag=se&keywords=4987234131211&qid=1730063670&sr=8-1
4987234131310,https://www.amazon.com/PAON-SEVEN-EIGHT-CREAMY-COLOR-BLACK/dp/B0048YXCFE/ref=mp_s_a_1_1?dib=eyJ2IjoiMSJ9.lc3Ksu65dd6-B7O3B-UDm2iVaslK4KyAQrSBurAaWb0.hLlsJZNUpp3-K2OALUHhU6jXC9689FxDFF8joe-BGgE&dib_tag=se&keywords=4987234131310&qid=1730063673&sr=8-1
4987234111053,Not Found
4987234131105,Not Found
4987234131204,Bad Link
4987234131303,Not Found
4964565916298,Not Found
4902465604600,Not Found
4902465604594,https://www.amazon.com/%E3%82%84%E3%81%AA%E3%81%8E%E3%83%97%E3%83%AD%E3%83%80%E3%82%AF%E3%83%84-Yanagi-Products-24%C3%9724%C3%970-3cm-Bamboo/dp/B009A3ZM88/ref=sr_1_1?dib=eyJ2IjoiMSJ9.Gs_JEeMzqNCZj1ZWfAD-kA.pCrVfdKPkXpw9y7tpHpdsyYEMu9oUw2o1FitLnPjaPY&dib_tag=se&keywords=4902465604594&qid=1730063698&sr=8-1
023596215085,https://www.amazon.com/Zojirushi-NS-ZCC10-Uncooked-Premium-1-0-Liter/dp/B00007J5U7/ref=sr_1_1?dib=eyJ2IjoiMSJ9.vDt4QFnOtmnRimZndLQ1QhVoNwAN8DrU8xTEalCJVQ1ueqh-kFcsjvT5hp3UahvGeFaGTmyn1Sjh1VixQqLrk8Y_LuF68ffHZgbEM1AhyPg1Hweu_PEwYh6yWy1v7-11.IqYJFcXbfoKNmnhE8-wC4Sh2Pen24NPEXVF8PA2dFOg&dib_tag=se&keywords=023596215085&qid=1730063700&sr=8-1
4974305709271,https://www.amazon.com/Zojirushi-SW-EAE35AB-Stainless-11-8-Ounce-0-35-Liter/dp/B009QYC7AM/ref=mp_s_a_1_1?dib=eyJ2IjoiMSJ9.JXl5I7N2HOHjFLOarvKp-w.OqyaCvTG3On8NpTtuB-NdRkpQg9y9u2HooikX6GE49s&dib_tag=se&keywords=4974305709271&qid=1730063703&sr=8-1
023596225084,https://www.amazon.com/Zojirushi-10-Cup-Cooker-Warmer-Bundle/dp/B0D6QNPG55/ref=sr_1_1?dib=eyJ2IjoiMSJ9.8cuY3JQBaCnEgyuNs-EO9g.CVRclTAQxVOh6-LwY3WmFryAZes5oV8X0N-KBv9Zw3E&dib_tag=se&keywords=023596225084&qid=1730063707&sr=8-1
023596201248,https://www.amazon.com/Zojirushi-NHS-06-3-Cup-Uncooked-Cooker/dp/B00004S575/ref=sr_1_1?dib=eyJ2IjoiMSJ9.9Jbne2XYVxP_iklsM-WR9Q.7qNy7dJsuo_tVpwGvU5o1cnp3gDYnyQwWrZkGYMKMLY&dib_tag=se&keywords=023596201248&qid=1730063709&sr=8-1
023596221246,https://www.amazon.com/Zojirushi-Cookers-Nonstick-Stay-Cool-Handles/dp/B0D1QYN3JY/ref=mp_s_a_1_1?dib=eyJ2IjoiMSJ9.1BjGhoQCQFFPliO2hdjcRQ.hLVIroJtJURGpGJQXiAXMuNxUvs9mgJqd7-RE-LWiV4&dib_tag=se&keywords=023596221246&qid=1730063718&sr=8-1
023596232242,https://www.amazon.com/Zojirushi-NHS-18-10-Cup-Uncooked-Cooker/dp/B00004S577/ref=sr_1_1?dib=eyJ2IjoiMSJ9.pdhF5LfoTC2DEFsK1NLqhg.XrQVnYUayD_4iy5St6tiLz7Rt1weIP8moPHLAvRWg0E&dib_tag=se&keywords=023596232242&qid=1730063722&sr=8-1
4974305708267,https://www.amazon.com/Zojirushi-NS-TSC10-Uncooked-Cooker-1-0-Liter/dp/B0074CDG6C/ref=sr_1_1?dib=eyJ2IjoiMSJ9.x4umQdTMR3x2_Jv5B1YvbiUc85XYLLE2pc4SxGcCLfg.weZvdBLXqwJotS33niJ3lo6MfLubbOKWyGXuHqmEEcA&dib_tag=se&keywords=4974305708267&qid=1730063726&sr=8-1
4974305708274,https://www.amazon.com/Zojirushi-NS-TSC18-Cooker-Warmer-10-Cups/dp/B09W9JXXL2/ref=mp_s_a_1_1?dib=eyJ2IjoiMSJ9.yu4PBBdQdT0zTUquVdDyOh4iKJ0I7cMYTCLIN38z89I.7LggQ9u7OM3MU2bsWAPr5y7k3dQZYS08K38nJSdJeeU&dib_tag=se&keywords=4974305708274&qid=1730063729&sr=8-1
4974305710222,Not Found
